# BEGIN W3TC Browser Cache
<IfModule mod_mime.c>
    AddType text/css .css
    AddType text/x-component .htc
    AddType application/x-javascript .js
    AddType application/javascript .js2
    AddType text/javascript .js3
    AddType text/x-js .js4
    AddType text/html .html .htm
    AddType text/richtext .rtf .rtx
    AddType image/svg+xml .svg .svgz
    AddType text/plain .txt
    AddType text/xsd .xsd
    AddType text/xsl .xsl
    AddType text/xml .xml
    AddType video/asf .asf .asx .wax .wmv .wmx
    AddType video/avi .avi
    AddType image/bmp .bmp
    AddType application/java .class
    AddType video/divx .divx
    AddType application/msword .doc .docx
    AddType application/vnd.ms-fontobject .eot
    AddType application/x-msdownload .exe
    AddType image/gif .gif
    AddType application/x-gzip .gz .gzip
    AddType image/x-icon .ico
    AddType image/jpeg .jpg .jpeg .jpe
    AddType application/json .json
    AddType application/vnd.ms-access .mdb
    AddType audio/midi .mid .midi
    AddType video/quicktime .mov .qt
    AddType audio/mpeg .mp3 .m4a
    AddType video/mp4 .mp4 .m4v
    AddType video/mpeg .mpeg .mpg .mpe
    AddType application/vnd.ms-project .mpp
    AddType application/x-font-otf .otf
    AddType application/vnd.oasis.opendocument.database .odb
    AddType application/vnd.oasis.opendocument.chart .odc
    AddType application/vnd.oasis.opendocument.formula .odf
    AddType application/vnd.oasis.opendocument.graphics .odg
    AddType application/vnd.oasis.opendocument.presentation .odp
    AddType application/vnd.oasis.opendocument.spreadsheet .ods
    AddType application/vnd.oasis.opendocument.text .odt
    AddType audio/ogg .ogg
    AddType application/pdf .pdf
    AddType image/png .png
    AddType application/vnd.ms-powerpoint .pot .pps .ppt .pptx
    AddType audio/x-realaudio .ra .ram
    AddType application/x-shockwave-flash .swf
    AddType application/x-tar .tar
    AddType image/tiff .tif .tiff
    AddType application/x-font-ttf .ttf .ttc
    AddType audio/wav .wav
    AddType audio/wma .wma
    AddType application/vnd.ms-write .wri
    AddType application/vnd.ms-excel .xla .xls .xlsx .xlt .xlw
    AddType application/zip .zip
</IfModule>
<IfModule mod_expires.c>
    ExpiresActive On
    ExpiresByType text/css A31536000
    ExpiresByType text/x-component A31536000
    ExpiresByType application/x-javascript A31536000
    ExpiresByType application/javascript A31536000
    ExpiresByType text/javascript A31536000
    ExpiresByType text/x-js A31536000
    ExpiresByType text/html A3600
    ExpiresByType text/richtext A3600
    ExpiresByType image/svg+xml A3600
    ExpiresByType text/plain A3600
    ExpiresByType text/xsd A3600
    ExpiresByType text/xsl A3600
    ExpiresByType text/xml A3600
    ExpiresByType video/asf A31536000
    ExpiresByType video/avi A31536000
    ExpiresByType image/bmp A31536000
    ExpiresByType application/java A31536000
    ExpiresByType video/divx A31536000
    ExpiresByType application/msword A31536000
    ExpiresByType application/vnd.ms-fontobject A31536000
    ExpiresByType application/x-msdownload A31536000
    ExpiresByType image/gif A31536000
    ExpiresByType application/x-gzip A31536000
    ExpiresByType image/x-icon A31536000
    ExpiresByType image/jpeg A31536000
    ExpiresByType application/json A31536000
    ExpiresByType application/vnd.ms-access A31536000
    ExpiresByType audio/midi A31536000
    ExpiresByType video/quicktime A31536000
    ExpiresByType audio/mpeg A31536000
    ExpiresByType video/mp4 A31536000
    ExpiresByType video/mpeg A31536000
    ExpiresByType application/vnd.ms-project A31536000
    ExpiresByType application/x-font-otf A31536000
    ExpiresByType application/vnd.oasis.opendocument.database A31536000
    ExpiresByType application/vnd.oasis.opendocument.chart A31536000
    ExpiresByType application/vnd.oasis.opendocument.formula A31536000
    ExpiresByType application/vnd.oasis.opendocument.graphics A31536000
    ExpiresByType application/vnd.oasis.opendocument.presentation A31536000
    ExpiresByType application/vnd.oasis.opendocument.spreadsheet A31536000
    ExpiresByType application/vnd.oasis.opendocument.text A31536000
    ExpiresByType audio/ogg A31536000
    ExpiresByType application/pdf A31536000
    ExpiresByType image/png A31536000
    ExpiresByType application/vnd.ms-powerpoint A31536000
    ExpiresByType audio/x-realaudio A31536000
    ExpiresByType image/svg+xml A31536000
    ExpiresByType application/x-shockwave-flash A31536000
    ExpiresByType application/x-tar A31536000
    ExpiresByType image/tiff A31536000
    ExpiresByType application/x-font-ttf A31536000
    ExpiresByType audio/wav A31536000
    ExpiresByType audio/wma A31536000
    ExpiresByType application/vnd.ms-write A31536000
    ExpiresByType application/vnd.ms-excel A31536000
    ExpiresByType application/zip A31536000
</IfModule>
<IfModule mod_deflate.c>
    <IfModule mod_headers.c>
        Header append Vary User-Agent env=!dont-vary
    </IfModule>
        AddOutputFilterByType DEFLATE text/css text/x-component application/x-javascript application/javascript text/javascript text/x-js text/html text/richtext image/svg+xml text/plain text/xsd text/xsl text/xml image/x-icon application/json
    <IfModule mod_mime.c>
        # DEFLATE by extension
        AddOutputFilter DEFLATE js css htm html xml
    </IfModule>
</IfModule>
# END W3TC Browser Cache
# BEGIN WordPress
<IfModule mod_rewrite.c>
RewriteEngine On
RewriteBase /
RewriteRule ^index\.php$ - [L]
RewriteCond %{REQUEST_FILENAME} !-f
RewriteCond %{REQUEST_FILENAME} !-d
RewriteRule . /index.php [L]
</IfModule>

# END WordPress







redirect 301 /hot-tubs.html /
REDIRECT 301 /1900D.html http://www.thermospas.com
REDIRECT 301 /2-3-person-hot-tubs/gemini-jets.html /hot-tubs/two-person-hot-tub-features.html
REDIRECT 301 /3-person-hot-tubs.html /hot-tubs/3-person-hot-tubs.html
REDIRECT 301 /A-Miracle-Cure.html /spa/health-benefits.html
REDIRECT 301 /about/awards.php /about.html
REDIRECT 301 /about/faq.php	/about.html
REDIRECT 301 /about/glossary.php /about.html
REDIRECT 301 /about/history.aspx /about.html
REDIRECT 301 /about/history.aspx?source=PI0102 /about.html
REDIRECT 301 /about/history.php	/about.html
REDIRECT 301 /about/seasonsofgiving.php	/about.html
REDIRECT 301 /accessories/additions.aspx http://online.thermospas.com/
REDIRECT 301 /accessories/additions.php	http://online.thermospas.com/
REDIRECT 301 /accessories/hot-tub-chemicals.php	http://online.thermospas.com/
REDIRECT 301 /accessories/hot-tub-maintenance.aspx http://online.thermospas.com/
REDIRECT 301 /accessories/hot-tub-maintenance.php http://online.thermospas.com/
REDIRECT 301 /accessories/hot-tub-water-care.aspx http://online.thermospas.com/
REDIRECT 301 /accessories/hot-tub-water-care.php http://online.thermospas.com/
REDIRECT 301 /accessories/hot-tub-water-troubleshooting.aspx http://online.thermospas.com/
REDIRECT 301 /accessories/hot-tub-water-troubleshooting.php	http://online.thermospas.com/
REDIRECT 301 /accessories/hottub-newsletter-april.php http://online.thermospas.com/
REDIRECT 301 /accessories/hottub-newsletter-dec05.php http://online.thermospas.com/
REDIRECT 301 /accessories/hottub-newsletter-jan.php	http://online.thermospas.com/
REDIRECT 301 /accessories/hottub-newsletter-march.php http://online.thermospas.com/
REDIRECT 301 /accessories/hottub-newsletter-nov05.php http://online.thermospas.com/
REDIRECT 301 /accessories/television.aspx http://online.thermospas.com/
REDIRECT 301 /accessories/television.php http://online.thermospas.com/
REDIRECT 301 /accessories/winterizing.aspx http://online.thermospas.com/
REDIRECT 301 /accessories/winterizing.php http://online.thermospas.com/
REDIRECT 301 /Benefits/default.aspx	http://www.thermospas.com
REDIRECT 301 /benefits/fiscal.php /hot-tub-financial-benefits.html
REDIRECT 301 /benefits/fun.aspx	/spa/for-fun.html
REDIRECT 301 /benefits/fun.php /spa/for-fun.html
REDIRECT 301 /benefits/health.php /spa/health-benefits.html
REDIRECT 301 /benefits/History.aspx	/spa/warm-water-therapy.html
REDIRECT 301 /benefits/history.php /spa/warm-water-therapy.html
REDIRECT 301 /benefits/index.cfm /spa/health-benefits.html
REDIRECT 301 /benefits/life.php	/spa/rest-and-relaxation.html
REDIRECT 301 /care/hot-tub-chemicals.php http://www.thermospas.com
REDIRECT 301 /care/hot-tub-maintenance.php http://www.thermospas.com
REDIRECT 301 /care/hot-tub-water-care.php http://www.thermospas.com
REDIRECT 301 /care/hot-tub-water-troubleshooting.php http://www.thermospas.com
REDIRECT 301 /care/winterizing.php http://www.thermospas.com
REDIRECT 301 /features/bubbling.aspx /hot-tub-bubbling-system.html
REDIRECT 301 /features/controls.aspx /computerized-control-panels.html
REDIRECT 301 /features/safety.aspx http://www.thermospas.com
REDIRECT 301 /features/shell.php /hot-tub-shells.html
REDIRECT 301 /Fitness-Hot-Tubs /swim-spas-and-exercise-spas.html
REDIRECT 301 /five-person-hottubs-the-park-avenue-thermospas.html /hot-tubs/five-person-hot-tub-features.html
REDIRECT 301 /health-entertainment-lifestyle-what-else-do-you-need.html	http://www.thermospas.com
REDIRECT 301 /home-portfolio.html /
REDIRECT 301 /hot-tub-chemicals-sanitizers-thermo-spas.html	http://online.thermospas.com/SearchResults.asp?Cat=3
REDIRECT 301 /hot-tub-donations.php	http://www.thermospas.com
REDIRECT 301 /hot-tub-glossary-of-terms-thermo-spas.html http://www.thermospas.com
REDIRECT 301 /hot-tub-prices.htmlJoin http://www.thermospas.com
REDIRECT 301 /hot-tub-reviews/amazing-pain-relief.html /blog/customer-reviews/
REDIRECT 301 /hot-tub-reviews/customer-support.html	/blog/customer-reviews/
REDIRECT 301 /hot-tub-reviews/enjoying-my-spa.html /blog/customer-reviews/
REDIRECT 301 /hot-tub-reviews/excellent-service.html /blog/customer-reviews/
REDIRECT 301 /hot-tub-reviews/family-fun.html /blog/customer-reviews/
REDIRECT 301 /hot-tub-reviews/features-to-look-for-in-a-hot-tub.html /blog/customer-reviews/
REDIRECT 301 /hot-tub-reviews/gary-motak.html /blog/customer-reviews/
REDIRECT 301 /hot-tub-reviews/international-hot-tub.html /blog/customer-reviews/
REDIRECT 301 /hot-tub-reviews/our-park-ave-has-been-amazing.html /blog/customer-reviews/
REDIRECT 301 /hot-tub-reviews/proud-owners.html	/blog/customer-reviews/
REDIRECT 301 /hot-tub-reviews/sales-rep-experience.html	/blog/customer-reviews/
REDIRECT 301 /hot-tub-reviews/skeptic-turned-spa-lover.html	/blog/customer-reviews/
REDIRECT 301 /hot-tub-reviews/thank-you-for-helping-me-deal-with-pain.html /blog/customer-reviews/
REDIRECT 301 /hot-tub-reviews/the-3-rs.html	/blog/customer-reviews/
REDIRECT 301 /hot-tub-reviews/the-best-birthday-gift.html /blog/customer-reviews/
REDIRECT 301 /hot-tub-reviews/the-best-investment-yet.html /blog/customer-reviews/
REDIRECT 301 /hot-tub-reviews/this-spa-is-unbelieveable.html /blog/customer-reviews/
REDIRECT 301 /hot-tubs/2-person-hot-tubs.htmlLAST /hot-tubs/2-person-hot-tubs.html
REDIRECT 301 /hot-tubs/2-person-hot-tubs.htmlRelated /hot-tubs/2-person-hot-tubs.html
REDIRECT 301 /hot-tubs/2-person-hot-tubs.htmlSmall /hot-tubs/2-person-hot-tubs.html
REDIRECT 301 /hot-tubs/2or3-person-hot-tub-spa.html	/hot-tubs/2-person-hot-tubs.html
REDIRECT 301 /hot-tubs/4or5-person-hot-tub-spa.html	/hot-tubs/4-person-hot-tubs.html
REDIRECT 301 /hot-tubs/5or6-person-hot-tub-spa.html	/hot-tubs/5-person-hot-tubs.html
REDIRECT 301 /hot-tubs/6-person-hot-tubs.html /hot-tubs/6-7-person-hot-tubs.html
REDIRECT 301 /hot-tubs/four-person-spa-hot-tub.html	/hot-tubs/4-person-hot-tubs.html
REDIRECT 301 /hot-tubs/hot-tub-arthritis.htmlwww.thermospas.com/hot-tubs/hot-tub-arthritis.html2012-05-12T04:47:00ZHot /spa/health-benefits.html
REDIRECT 301 /hot-tubs/hot-tub-arthritis.htmlwww.thermospas.com/hot-tubs/hot-tub-arthritis.html2012-07-22T07:02:00ZHot /spa/health-benefits.html
REDIRECT 301 /hot-tubs/hot-tub-donation-katie-d.html http://www.thermospas.com
REDIRECT 301 /hot-tubs/hot-tub-donation-naomi.html http://www.thermospas.com
REDIRECT 301 /hot-tubs/hot-tub-donation-sean.html http://www.thermospas.com
REDIRECT 301 /hot-tubs/hot-tub-donation-tfc-reidy.html http://www.thermospas.com
REDIRECT 301 /hot-tubs/hot-tub-spas.htmlCustom /
REDIRECT 301 /hot-tubs/hot-tub-swimspa.html	/swim-spas-and-exercise-spas.html
REDIRECT 301 /hot-tubs/hot-tubs-spas.html /swim-spas-and-exercise-spas.html
REDIRECT 301 /hot-tubs/hottubdonation-aubrei.html http://www.thermospas.com
REDIRECT 301 /hot-tubs/hottubdonation-cody.html	http://www.thermospas.com
REDIRECT 301 /hot-tubs/hottubdonation-eric.html	http://www.thermospas.com
REDIRECT 301 /hot-tubs/hottubdonation-hunterdusty.html http://www.thermospas.com
REDIRECT 301 /hot-tubs/hottubdonation-james-and-brandon.html http://www.thermospas.com
REDIRECT 301 /hot-tubs/hottubdonation-james.html http://www.thermospas.com
REDIRECT 301 /hot-tubs/hottubdonation-kaitlyn.html http://www.thermospas.com
REDIRECT 301 /hot-tubs/hottubdonation-michele.html http://www.thermospas.com
REDIRECT 301 /hot-tubs/hottubdonation-miranda.html http://www.thermospas.com
REDIRECT 301 /hot-tubs/hottubdonation-naomi.html http://www.thermospas.com
REDIRECT 301 /hot-tubs/hottubdonation-nick.html	http://www.thermospas.com
REDIRECT 301 /hot-tubs/hottubdonation-nicole.html http://www.thermospas.com
REDIRECT 301 /hot-tubs/hottubdonation-riley.html http://www.thermospas.com
REDIRECT 301 /hot-tubs/hottubdonation-sean.html	http://www.thermospas.com
REDIRECT 301 /hot-tubs/hottubdonation-shannon.html http://www.thermospas.com
REDIRECT 301 /hot-tubs/missd-design-hot-tub.html /missd-design-hot-tub.html
REDIRECT 301 /hot-tubs/seasonofgiving.html /
REDIRECT 301 /hot-tubs/two-person-hot-tub-spa/3-person-hot-tubs.html /hot-tubs/2-person-hot-tubs.html
REDIRECT 301 /hot-tubs/two-person-spa-hot-tub.htmlwww.thermospas.com/hot-tubs/two-person-spa-hot-tub.html2012-02-12T07:35:00ZGemini	/hot-tubs/2-person-hot-tubs.html
REDIRECT 301 /hot-tubs/two-person-spa-hot-tub.htmlwww.thermospas.com/hot-tubs/two-person-spa-hot-tub.html2012-03-04T07:29:00ZGemini	/hot-tubs/2-person-hot-tubs.html
REDIRECT 301 /Life-styles-of-the-rich-and-famous.html /
REDIRECT 301 /lyon-show-verify-email.html /
REDIRECT 301 /michele.html /
REDIRECT 301 /promo/conditions.aspx	http://www.thermospas.com
REDIRECT 301 /promo/contact-all.php	http://www.thermospas.com
REDIRECT 301 /promo/specials.php http://www.thermospas.com
REDIRECT 301 /Relief-all-around.html /spa/health-benefits.html
REDIRECT 301 /Service-Rep.-Milton-Velez.html /
REDIRECT 301 /service/ThermoSpas-Owners-Manual.pdf&embedded=true /
REDIRECT 301 /showroom/3-person-hot-tubs.php /hot-tubs/3-person-hot-tubs.html
REDIRECT 301 /showroom/3-person-hot-tubs.php?source=ilalny /hot-tubs/3-person-hot-tubs.html
REDIRECT 301 /showroom/3-person-hot-tubs.php?source=ilhtcm /hot-tubs/3-person-hot-tubs.html
REDIRECT 301 /showroom/manhattan-views.aspx	/hot-tubs/six-person-hot-tub-pictures.html
REDIRECT 301 /site-survey.html /request-site-inspection.html
REDIRECT 301 /step-2-2-3-person-hot-tub-jets-and-location.html /missd-design-hot-tub.html
REDIRECT 301 /step-2-4-5-person-hot-tub-jets-and-location.html /missd-design-hot-tub.html
REDIRECT 301 /swim-spa.aspx	/swim-spas-and-exercise-spas.html
REDIRECT 301 /Swim-Spas-and-Exercise-Hot-Tubs.html /swim-spas-and-exercise-spas.html
REDIRECT 301 /test-template.html /
REDIRECT 301 /Thank-you-Al-Lash.html /
REDIRECT 301 /thermospas-dvd-and-brochure-test-site.html /request-brochure.html
REDIRECT 301 /thermospas-reviews/a-testament-to-thermospas-insulation.html /blog/customer-reviews/
REDIRECT 301 /thermospas-reviews/amazing-customer-service.html /blog/customer-reviews/
REDIRECT 301 /thermospas-reviews/bunny-homeowners-jump-into-a-spa.html /blog/customer-reviews/
REDIRECT 301 /thermospas-reviews/concord.html /blog/customer-reviews/
REDIRECT 301 /thermospas-reviews/customer-service-a-real-help.html /blog/customer-reviews/
REDIRECT 301 /thermospas-reviews/dear-taneka-winstead.html /blog/customer-reviews/
REDIRECT 301 /thermospas-reviews/enjoying-our-manhattan.html /blog/customer-reviews/
REDIRECT 301 /thermospas-reviews/everyone-is-envious-of-our-lexington.html /blog/customer-reviews/
REDIRECT 301 /thermospas-reviews/everyone-loves-my-spa.html	/blog/customer-reviews/
REDIRECT 301 /thermospas-reviews/field-service.html	/blog/customer-reviews/
REDIRECT 301 /thermospas-reviews/finally-at-ease.html /blog/customer-reviews/
REDIRECT 301 /thermospas-reviews/great-service-call-2.html /blog/customer-reviews/
REDIRECT 301 /thermospas-reviews/great-service-call.html /blog/customer-reviews/
REDIRECT 301 /thermospas-reviews/great-service-call.html /blog/customer-reviews/
REDIRECT 301 /thermospas-reviews/head-pillows-worn-out.html	/blog/customer-reviews/
REDIRECT 301 /thermospas-reviews/i-owe-my-gratitude-to-your-service-department.html	/blog/customer-reviews/
REDIRECT 301 /thermospas-reviews/instead-of-a-hawaiian-vacation-we-got-a-spa.html /blog/customer-reviews/
REDIRECT 301 /thermospas-reviews/just-what-the-doctor-ordered.html /blog/customer-reviews/
REDIRECT 301 /thermospas-reviews/life-styles-of-the-rich-and-famous.html /blog/customer-reviews/
REDIRECT 301 /thermospas-reviews/loving-my-avalon.html /blog/customer-reviews/
REDIRECT 301 /thermospas-reviews/loving-our-alone-time-in-our-thermospa.html /blog/customer-reviews/
REDIRECT 301 /thermospas-reviews/milton-velez-2.html /blog/customer-reviews/
REDIRECT 301 /thermospas-reviews/my-emotional-sanctuary.html /blog/customer-reviews/
REDIRECT 301 /thermospas-reviews/my-soothing-prayer.html /blog/customer-reviews/
REDIRECT 301 /thermospas-reviews/my-spa-retreat.html /blog/customer-reviews/
REDIRECT 301 /thermospas-reviews/my-townhouse-spa.html /blog/customer-reviews/
REDIRECT 301 /thermospas-reviews/nothing-tops-my-penthouse.html /blog/customer-reviews/
REDIRECT 301 /thermospas-reviews/our-concord-is-the-best.html /blog/customer-reviews/
REDIRECT 301 /thermospas-reviews/our-lexington-elite-is-the-best.html /blog/customer-reviews/
REDIRECT 301 /thermospas-reviews/our-plunge-into-a-thermospa.html /blog/customer-reviews/
REDIRECT 301 /thermospas-reviews/our-wonderful-experience-with-a-lexington.html	/blog/customer-reviews/
REDIRECT 301 /thermospas-reviews/our-wonderful-park-avenue-thermospa.html /blog/customer-reviews/
REDIRECT 301 /thermospas-reviews/owning-a-thermospa-hot-tub-is-the-best-thing-we-ever-did.html /blog/customer-reviews/
REDIRECT 301 /thermospas-reviews/relaxing-waters.html /blog/customer-reviews/
REDIRECT 301 /thermospas-reviews/rep-review.html /blog/customer-reviews/
REDIRECT 301 /thermospas-reviews/retired-navy-seal-loves-his-thermospa.html	/blog/customer-reviews/
REDIRECT 301 /thermospas-reviews/sales-rep-experience.html /blog/customer-reviews/
REDIRECT 301 /thermospas-reviews/sales-rep.html	/blog/customer-reviews/
REDIRECT 301 /thermospas-reviews/sales-rep.html	/blog/customer-reviews/
REDIRECT 301 /thermospas-reviews/service-assistance.html /blog/customer-reviews/
REDIRECT 301 /thermospas-reviews/shoulder-and-back-relief.html /blog/customer-reviews/
REDIRECT 301 /thermospas-reviews/still-enjoying-our-concord-deluxe.html	/blog/customer-reviews/
REDIRECT 301 /thermospas-reviews/still-enjoying-our-penthouse-after-3-years.html /blog/customer-reviews/
REDIRECT 301 /thermospas-reviews/thank-you-for-helping-me-deal-with-pain.html /blog/customer-reviews/
REDIRECT 301 /thermospas-reviews/thank-you-roy-munger.html /blog/customer-reviews/
REDIRECT 301 /thermospas-reviews/the-healing-spa.html /blog/customer-reviews/
REDIRECT 301 /thermospas-reviews/the-wonder-tub.html /blog/customer-reviews/
REDIRECT 301 /thermospas-reviews/we-love-our-phoenix-model-spa.html	/blog/customer-reviews/
REDIRECT 301 /thermospas-reviews/we-splash-into-the-new-year-with-thermospas.html /blog/customer-reviews/
REDIRECT 301 /ts701.html http://www.thermospas.com
REDIRECT 301 /why/custombuilt.php /custom-built-hot-tubs.html
REDIRECT 301 /why/customercare.aspx	/about.html
REDIRECT 301 /why/customercare.php /about.html
REDIRECT 301 /why/local.aspx /request-site-inspection.html
REDIRECT 301 /why/local.php	/request-site-inspection.html
REDIRECT 301 /why/prices.aspx /hot-tub-prices.html
REDIRECT 301 /why/prices.php /hot-tub-prices.html
REDIRECT 301 /why/quality.php /hot-tub-parts.html
REDIRECT 301 /why/siteinspection.php /request-site-inspection.html
REDIRECT 301 /why/siteinspection.php?src=IBAMA /request-site-inspection.html
REDIRECT 301 /why/trade-in.aspx	http://www.thermospas.com
REDIRECT 301 /why/trade-in.php http://www.thermospas.com
REDIRECT 301 /about/terms/ /about.html
REDIRECT 301 /blog/10-ways-you-can-use-a-hot-tub-to-enhance-your-life-thermospa/thermospas-hot-tubs-infographic/ /blog/10-ways-you-can-use-a-hot-tub-to-enhance-your-life-thermospa/
REDIRECT 301 /blog/comments/feed/ http://feeds.feedburner.com/ThermospasHotTubs
REDIRECT 301 /Customer-Reviews/	/blog/customer-reviews/
REDIRECT 301 /Hot-Tub-Dimensions /
REDIRECT 301 /hot-tub-wood.htmlJoin	/
REDIRECT 301 /Hot-Tubs-and-Spas	/
REDIRECT 301 /hot-tubs/five-person-hot-tub-spa /hot-tubs/5-person-hot-tubs.html
REDIRECT 301 /hot-tubs/five-person-hot-tubs	/hot-tubs/5-person-hot-tubs.html
REDIRECT 301 /hot-tubs/five-person-spa-hot-tub /hot-tubs/5-person-hot-tubs.html
REDIRECT 301 /hot-tubs/four-person-hot-tub-spa /hot-tubs/4-person-hot-tubs.html
REDIRECT 301 /hot-tubs/four-person-hot-tubs	/hot-tubs/4-person-hot-tubs.html
REDIRECT 301 /hot-tubs/hot-tub-healingspa /hot-tubs/healing-spa-hot-tub.html
REDIRECT 301 /hot-tubs/six-person-hot-tub-spa /hot-tubs/6-7-person-hot-tubs.html
REDIRECT 301 /hot-tubs/six-person-hot-tubs /hot-tubs/6-7-person-hot-tubs.html
REDIRECT 301 /hot-tubs/six-person-spa-hot-tub /hot-tubs/6-7-person-hot-tubs.html
REDIRECT 301 /hot-tubs/three-person-hot-tub-spa	/hot-tubs/3-person-hot-tubs.html
REDIRECT 301 /hot-tubs/three-person-spa-hot-tub	/hot-tubs/3-person-hot-tubs.html
REDIRECT 301 /hot-tubs/two-person-hot-tub-spa /hot-tubs/2-person-hot-tubs.html
REDIRECT 301 /hot-tubs/two-person-hot-tubs /hot-tubs/2-person-hot-tubs.html
REDIRECT 301 /service/Installing /request-site-inspection.html
REDIRECT 301 /service/Spa-Start	/
REDIRECT 301 /showroom/featured_gemini /hot-tubs/two-person-hot-tub-features.html
REDIRECT 301 /showroom/featured_lexington /hot-tubs/three-person-hot-tub-features.html
REDIRECT 301 /showroom/featured_manhattan /hot-tubs/six-person-hot-tub-features.html
REDIRECT 301 /Spa-Hot-Tub-Price	/hot-tub-prices.html
REDIRECT 301 /Spa-Hot-Tubs /hot-tubs/healing-spa-hot-tub.html
REDIRECT 301 /ts-direct/designer-series/atlantis-designer-series-sell http://www.thermospas.com
REDIRECT 301 /ts-direct/designer-series/avalon-designer-series-sell	http://www.thermospas.com
REDIRECT 301 /ts-direct/fitness-series/aquacisor-fitness-series-sell http://www.thermospas.com

